ID_Jugador,Nombre,Fecha_Nac,Nacionalidad,Segunda_Nacionalidad,Altura,Pie_Hábil,Posición,Caracteristica,Club,Liga,Sexo,URL_Foto,URL_Perfil
1,Joaquín Alberto Tapia Vásquez,22/02/2004,Chile,,175.0,Derecho,Extremo derecho,Criterioso,O'Higgins,Chile,Masculino,https://cdn.resfu.com/img_data/players/medium/3422019.jpg?size=120x&lossy=1,https://es.besoccer.com/jugador/j-tapia-3422019
2,Leandro Paredes,29/06/1994,Argentina,,180.0,Derecho,Mediocampista de contención,,Boca Juniors,LPF,Masculino,https://cdn.resfu.com/img_data/players/medium/81606.jpg?size=120x&lossy=1,https://es.besoccer.com/jugador/l-paredes-81606
3,Gastón Veron,23/04/2001,Argentina,,184.0,Derecho,Delantero centro,,Central Cordoba,LPF,Masculino,https://cdn.resfu.com/img_data/players/medium/618251.jpg?size=120x&lossy=1,https://www.besoccer.com/player/g-veron-618251
4,Alan Rodriguez,25/01/2000,Uruguay,Italiana,170.0,Derecho,Mediocampista mixto,,Internacional,Brasileirao,Masculino,https://cdn.resfu.com/img_data/players/medium/365320.jpg?size=120x&lossy=1,https://www.besoccer.com/player/alan-jesusrodriguez-guaglianoni-365320
5,José Herrera,16/04/2003,Argentina,,172.0,Izquierdo,Extremo derecho,,Fortaleza,Brasileirao,Masculino,https://cdn.resfu.com/img_data/players/medium/3281669.jpg?size=120x&lossy=1,https://www.besoccer.com/player/j-herrera-3281669
6,Tomás Molina,12/04/1995,Argentina,,183.0,Derecho,Delantero centro,,Argentinos Juniors,LPF,Masculino,https://cdn.resfu.com/img_data/players/medium/316865.jpg?size=120x&lossy=1,https://www.besoccer.com/player/tomasmolina-316865
7,Ariel Gamarra,26/02/2003,Paraguay,,175.0,Derecho,Mediocampista de contención,,Puebla,Mejicana,Masculino,,https://www.besoccer.com/search/ariel-gamarra
8,Kevin Coronel,11/08/2004,Argentina,,168.0,Derecho,Lateral derecho,,Argentinos Juniors,LPF,Masculino,https://cdn.resfu.com/img_data/players/medium/3204515.jpg?size=120x&lossy=1,https://www.besoccer.com/player/kevin-coronel-3204515
9,Sebastián Prieto,09/04/1993,Argentina,,175.0,Izquierdo,Lateral izquierdo,,Argentinos Juniors,LPF,Masculino,https://cdn.resfu.com/img_data/players/medium/236846.jpg?size=120x&lossy=1,https://www.besoccer.com/player/s-prieto-236846
10,Emiliano Viveros,30/09/2002,Argentina,,178.0,Derecho,Extremo izquierdo,,Argentinos Juniors,LPF,Masculino,https://cdn.resfu.com/img_data/players/medium/3140196.jpg?size=120x&lossy=1,https://www.besoccer.com/player/emiliano-viveros-3140196
11,Juan Cardozo,24/02/2004,Paraguay,Argentina,175.0,Derecho,Mediocampista mixto,,Argentinos Juniors,LPF,Masculino,https://cdn.resfu.com/img_data/players/medium/904916.jpg?size=120x&lossy=1,https://www.besoccer.com/player/juan-jose-cardozo-904916
12,Lucas Gómez,17/05/2004,Argentina,,178.0,Derecho,Mediocampista mixto,,Argentinos Juniors,LPF,Masculino,https://cdn.resfu.com/img_data/players/medium/3378886.jpg?size=120x&lossy=1,https://www.besoccer.com/player/lucas-gomez-3378886
13,Natanael Guzman,11/08/1999,Argentina,,171.0,Derecho,Extremo derecho,,Aldosivi,LPF,Masculino,https://cdn.resfu.com/img_data/players/medium/960040.jpg?size=120x&lossy=1,https://www.besoccer.com/player/e-guzman-960040
14,Rodrigo Gonzalez,14/04/2000,Argentina,,175.0,Derecho,Lateral derecho,,Aldosivi,LPF,Masculino,https://cdn.resfu.com/img_data/players/medium/849647.jpg?size=120x&lossy=1,https://www.besoccer.com/player/r-gonzalez-849647
15,Elias Torres,02/03/2001,Argentina,,186.0,Derecho,Delantero centro,,Racing Club,LPF,Masculino,https://cdn.resfu.com/img_data/players/medium/924214.jpg?size=120x&lossy=1,https://www.besoccer.com/player/e-torres-924214
16,Tobias Leiva,09/02/2004,Argentina,,183.0,Derecho,Mediocampista mixto,,Aldosivi,LPF,Masculino,https://cdn.resfu.com/img_data/players/medium/3410640.jpg?size=120x&lossy=1,https://www.besoccer.com/player/tobias-leiva-3410640
17,Ayrton Preciado,17/06/1994,Ecuador,España,181.0,Derecho,Extremo izquierdo,,Aldosivi,LPF,Masculino,https://cdn.resfu.com/img_data/players/medium/132708.jpg?size=120x&lossy=1,https://www.besoccer.com/player/eduar-preciado-132708
18,Williams Barlasina,29/05/1998,Argentina,,181.0,Derecho,Arquero,,Aldosivi,LPF,Masculino,https://cdn.resfu.com/img_data/players/medium/132708.jpg?size=120x&lossy=1,https://www.besoccer.com/player/eduar-preciado-132708
19,Giuliano Cerato,10/05/1998,Argentina,Italiana,170.0,Derecho,Lateral derecho,,Aldosivi,LPF,Masculino,https://cdn.resfu.com/img_data/players/medium/871657.jpg?size=120x&lossy=1,https://www.besoccer.com/player/g-cerato-871657
20,Tiago Serrago,05/02/2004,Argentina,Portugal,175.0,Derecho,Mediocampista ofensivo,,Aldosivi,LPF,Masculino,https://cdn.resfu.com/img_data/players/medium/3385957.jpg?size=120x&lossy=1,https://www.besoccer.com/player/t-serrago-3385957
21,Nestor Breitenbruch,13/09/1995,Argentina,,183.0,Derecho,Defensor central,,Aldosivi,LPF,Masculino,https://cdn.resfu.com/img_data/players/medium/224521.jpg?size=120x&lossy=1,https://www.besoccer.com/player/n-breitenbruch-224521
22,Gonzalo Mottes,07/01/1998,Argentina,Italiana,192.0,Izquierdo,Defensor central,,Aldosivi,LPF,Masculino,https://cdn.resfu.com/img_data/players/medium/890222.jpg?size=120x&lossy=1,https://www.besoccer.com/player/g-mottes-890222
23,Ignacio Guerrico,09/06/1998,Argentina,Italiana,175.0,Izquierdo,Lateral izquierdo,,Aldosivi,LPF,Masculino,https://cdn.resfu.com/img_data/players/medium/855677.jpg?size=120x&lossy=1,https://www.besoccer.com/player/i-guerrico-855677
24,Franco Rami,31/03/2003,Argentina,Italiana,192.0,Derecho,Delantero centro,,Aldosivi,LPF,Masculino,https://cdn.resfu.com/img_data/players/medium/3378874.jpg?size=120x&lossy=1,https://www.besoccer.com/player/f-rami-3378874
25,Blas Palavecino,09/03/2003,Argentina,,185.0,Derecho,Extremo izquierdo,,Aldosivi,LPF,Masculino,https://cdn.resfu.com/img_data/players/medium/3171485.jpg?size=120x&lossy=1,https://www.besoccer.com/player/agustin-palavecino-3171485
26,Lautaro Chavez,17/01/2001,Argentina,,175.0,Derecho,Mediocampista ofensivo,,Aldosivi,LPF,Masculino,https://cdn.resfu.com/img_data/players/medium/630230.jpg?size=120x&lossy=1,https://www.besoccer.com/player/l-chavez-630230
27,Emiliano Rodriguez,16/05/2003,Uruguay,,180.0,Derecho,Delantero centro,,Aldosivi,LPF,Masculino,https://cdn.resfu.com/img_data/players/medium/3240325.jpg?size=120x&lossy=1,https://www.besoccer.com/player/e-rodriguez-3240325
1001,Marco Jhonnier Pérez Murillo,18/09/1990,Colombia,,182.0,Derecho,Delantero centro,Goledor,Deportivo Pereira,Colombia,Masculino,https://cdn.resfu.com/img_data/players/medium/67427.jpg?size=120x&lossy=1,https://es.besoccer.com/jugador/m-perez-67427
1002,Cesar Rafael Haydar Villarreal,31/03/2001,Colombia,,183.0,Izquierdo,Defensor central,Agresivo,Atlético Nacional de Colombia,Colombia,Masculino,https://cdn.resfu.com/img_data/players/medium/835832.jpg?size=120x&lossy=1,https://es.besoccer.com/jugador/c-haydar-835832
1003,Juan Barinaga,,Argentina,,180.0,Derecho,Defensa lateral derecho,Agresivo,Belgrano,LPF,Masculino,,
1004,Tomás Guidara,,Argentina,,174.0,Derecho,Defensa lateral derecho,Dinámico,Vélez,LPF,Masculino,,
1005,Tomás Fernández,,Argentina,,,-,Mediocampista ofensivo,Asociativo,Deportivo Maldonado,Uruguay,Masculino,,
1006,Luciano Villalba,,Argentina,,,-,Extremo por la derecha,Velocista,Deportivo Armenio,Primera Metropolitana,Masculino,,
1007,Jonathan Herrera,,Argentina,,,-,Delantero centro,Asociativo,Deportivo Armenio,Primera Metropolitana,Masculino,,
1008,Adrián Martínez,,Argentina,,,-,Delantero centro,Goledor,Instituto,LPF,Masculino,,
1009,Rubén Betancourt,,Uruguay,,,-,Delantero centro,Goledor,Liverpool,Uruguay,Masculino,,
1010,Lucas Di Yorio,,Argentina,,,-,Delantero centro,Juego de espaldas,Pachuca,México,Masculino,,
1011,Facundo Iraola,,Uruguay,,182.0,-,Defensor central,Tiempista,Cerro Largo,Uruguay,Masculino,,
1012,Felipe Sánchez,,Argentina,,182.0,-,Defensor central,Tiempista,Gimnasia de La Plata,LPF,Masculino,,
1013,Joaquín Lavega,,Uruguay,,174.0,Derecho,Extremo por la izquierda,Dinámico,River Plate Uruguay,Uruguay,Masculino,,
1014,Franco Nicola,,Uruguay,,178.0,Izquierdo,Extremo por la izquierda,Velocista,Liverpool,Uruguay,Masculino,,
1015,Gregorio Rodríguez,,Argentina,,,-,Extremo por la izquierda,Velocista,Instituto,LPF,Masculino,,
1016,Federico Rasmussen,,Argentina,,191.0,-,Defensor central,Tiempista,Godoy Cruz,LPF,Masculino,,
1017,Cristian Barrios,,Colombia,,165.0,Derecho,Extremo por la derecha,Velocista,América de Cali,Colombia,Masculino,,
1018,Edier Ocampo,,Colombia,,180.0,Derecho,Defensa lateral derecho,Agresivo,Atlético Nacional,Colombia,Masculino,,
1019,Juan Córdoba,,Colombia,,180.0,-,Extremo por la derecha,Velocista,Deportivo Cali,Colombia,Masculino,,
1020,Johan Rojas,,Colombia,,180.0,Derecho,Extremo por la izquierda,Asociativo,La Equidad,Colombia,Masculino,,
1021,Matías Reali,,Argentina,,177.0,Derecho,Extremo por la derecha,Velocista,Independiente Rivadavia,LPF,Masculino,,
1022,Maximiliano Zalazar,,Argentina,,175.0,Derecho,Extremo por la derecha,Velocista,Barracas Central,LPF,Masculino,,
1023,Bastian Roco,,Chile,,187.0,Derecho,Defensor central,Agresivo,Unión Española,Chile,Masculino,,
1024,Damián Pizarro,,Chile,,187.0,Derecho,Delantero centro,Juego de espaldas,Colo Colo,Chile,Masculino,,
1025,Javier Mena,,Colombia,,183.0,Izquierdo,Defensor central,Tiempista,Aguilas Doradas,Colombia,Masculino,,
1026,Luis Carlos Abreu,,Argentina,,180.0,Derecho,Extremo por la izquierda,Creativo,Olimpia,Paraguay,Masculino,,
1027,Kevin Viveros,,Colombia,,180.0,Derecho,Delantero centro,Juego de espaldas,La Equidad,Colombia,Masculino,,
1028,Paolo Guajardo,,Chile,,181.0,Derecho,Extremo por la derecha,Velocista,Audax Italiano,Chile,Masculino,,
1029,Leandro Suhr,,Uruguay,,177.0,Derecho,Extremo por la derecha,Velocista,Boston River,Uruguay,Masculino,,
1030,Gabriel Aguayo,,Paraguay,,170.0,Derecho,Extremo por la derecha,Velocista,Cerro Porteño,Paraguay,Masculino,,
1031,Anderson Duarte,,Uruguay,,175.0,Derecho,Extremo por la derecha,Dinámico,Defensor Sporting,Uruguay,Masculino,,
1032,Brian Mansilla,,Argentina,,176.0,Izquierdo,Extremo por la izquierda,Dinámico,Defensor Sporting,Uruguay,Masculino,,
1033,Maximiliano Gutiérrez,,Chile,,179.0,Derecho,Extremo por la derecha,Dinámico,Huachipato,Chile,Masculino,,
1034,Alfonso Barcos,,Uruguay,,185.0,Izquierdo,Mediocampista mixto,Dinámico,Defensor Sporting,Uruguay,Masculino,,
1035,Tiziano Dornell,,Argentina,,187.0,Derecho,Delantero centro,Juego de espalda,Almagro,Primera Nacional,Masculino,,
1036,Joel Orlando,,Argentina,,186.0,Derecho,Mediocampista ofensivo,Versátil,Almagro,Primera Nacional,Masculino,,
1037,Matías Machado,,Argentina,,176.0,Derecho,Extremo por la derecha,Dinámico,Colegiales,Primera B,Masculino,,
1038,Tiago Palacios,,Argentina,,195.0,Izquierdo,Defensor central,Versátil,Independiente Rivadavia,LPF,Masculino,,
1039,Kevin Amaro,,Uruguay,,177.0,Derecho,Defensor central,Dinámico,Liverpool,Uruguay,Masculino,,
1040,Imanol Machuca,,Argentina,,173.0,Derecho,Mediocampista ofensivo,Versátil,Fortaleza,Brazil,Masculino,,
1041,Carlos Valenzuela,,Argentina,,170.0,Izquierdo,Mediocampista ofensivo,Versátil,Tijuana,Mexico,Masculino,,
1042,Giuliano Galoppo,,Argentina,,179.0,Derecho,Mediocampista mixto,Dinámico,San Pablo,Brazil,Masculino,,
1043,Tomas Rojas,,Argentina,,186.0,Ambidiestro,Defensor central,Tiempista,Atlanta,Primera Nacional,Masculino,,
1044,Pedro de la Vega,,Argentina,,177.0,Derecho,Extremo izquierdo,Versátil,Seattle,MLS,Masculino,,
1045,Brian Ocampo,,Uruguay,,172.0,Derecho,Extremo izquierdo,Versátil,Cádiz,España,Masculino,,
1046,Pablo Ortiz,,Colombia,,190.0,Izquierdo,Defensor central,Dinámico,Padobice,Republica Checa,Masculino,,
1047,Ignacio Laquintana,,Uruguay,,174.0,Derecho,Extremo derecho,Versátil,Bragantino,Brazil,Masculino,,
1048,Luciano Boggio,,Uruguay,,174.0,Derecho,Mediocampista ofensivo,Dinámico,Lanús,LPF,Masculino,,
1049,Alejo Montero,,Argentina,,178.0,Derecho,Defensa lateral derecho,Dinámico,Agropecuario,Primera Nacional,Masculino,,
1050,Enzo Lettieri,,Argentina,,188.0,Derecho,Defensor central,Tiempista,Agropecuario,Primera Nacional,Masculino,,
1051,Raúl Matias Villarreal,,Argentina,,180.0,Derecho,Centrocampista defensivo,Agresivo,Agropecuario,Primera Nacional,Masculino,,
1052,Alejandro Gagliardi,,Argentina,,177.0,Derecho,Delantero centro,Juego de espalda,Agropecuario,Primera Nacional,Masculino,,
1053,Alejandro Melo,,Argentina,,180.0,Derecho,Mediocampista ofensivo,Completo,Agropecuario,Primera Nacional,Masculino,,
1054,Gonzalo Collao,,Chile,,191.0,Derecho,Arquero,Dinámico,Audax Italiano,Chile,Masculino,,
1055,Jose David Contreras Verna,,Venezuela,,186.0,Ambidiestro,Arquero,Completo,Aguilas Doradas,Colombia,Masculino,,
1056,Javier Alexander Mena,,Colombia,,188.0,Izquierdo,Defensa lateral izquierdo,Tiempista,Aguilas Doradas,Colombia,Masculino,,
1057,Dylan Stiven Lozano Chica,,Colombia,,186.0,Derecho,Defensa lateral derecho,Dinámico,Aguilas Doradas,Colombia,Masculino,,
1058,Enzo Silcan,,Argentina,,182.0,Izquierdo,Defensor central,Dinámico,Agropecuario,Primera Nacional,Masculino,,
1059,Emanuel Moreno,,Argentina,,182.0,Izquierdo,Defensa lateral izquierdo,Dinámico,Agropecuario,Primera Nacional,Masculino,,
1060,Braian Camisassa,,Argentina,,181.0,Ambidiestro,Mediocampista mixto,Dinámico,Agropecuario,Primera Nacional,Masculino,,
1061,Patricio Cucci,,Argentina,,177.0,Derecho,Mediocampista ofensivo,Versátil,Agropecuario,Primera Nacional,Masculino,,
1062,Agustín Alastra,,Argentina,,191.0,Derecho,Arquero,Dinámico,Agropecuario,Primera Nacional,Masculino,,
1063,Milton Ramos,,Argentina,,170.0,Izquierdo,Defensa lateral izquierdo,Dinámico,Agropecuario,Primera Nacional,Masculino,,
1064,Marcioni Julián,,Argentina,,176.0,Derecho,Mediocampista ofensivo,Dinámico,Agropecuario,Primera Nacional,Masculino,,
1065,Enzo Martínez,,Argentina,,178.0,Izquierdo,Mediocampista ofensivo,Dinámico,Agropecuario,Primera Nacional,Masculino,,
1066,Martín Rivero,,Argentina,,175.0,Derecho,Centrocampista defensivo,Versátil,Agropecuario,Primera Nacional,Masculino,,
1067,Ayrton Cougo,,Uruguay,,181.0,Izquierdo,Defensa lateral izquierdo,Dinámico,Boston River,Uruguay,Masculino,,
1068,Emiliano Gómez Dutra,,Uruguay,,177.0,Derecho,Delantero centro,Goleador,Boston River,Uruguay,Masculino,,
1069,Federico Laureli,,Argentina,,183.0,Izquierdo,Defensor central,Agresivo,Chacarita,Primera Nacional,Masculino,,
1070,Nicolas Fernandez,,Argentina,,176.0,Derecho,Defensa lateral derecho,Velocista,Audax Italiano,Chile,Masculino,,
1101,Jean Estacio,02/02/1997,Ecuador,,175.0,Derecho,Centrocampista defensivo,Posicional,Mushuc Runa,Ecuador,Masculino,,
1102,Samuel Delgado,02/02/1995,España,,168.0,Izquierdo,Extremo por la izquierda,Dinámico,Mushuc Runa,Ecuador,Masculino,,
1103,Jonathan Bauman,02/02/1991,Argentina,,178.0,Derecho,Mediocampista ofensivo,Posicional,Mushuc Runa,Ecuador,Masculino,,
1104,Joaquin Varela,02/02/1998,Uruguay,Española,189.0,Izquierdo,Defensor central,Tiempista,Aguilas Doradas,Colombia,Masculino,,
1105,Guillermo Celis,02/02/1993,Colombia,,178.0,Derecho,Mediocampista mixto,Completo,Aguilas Doradas,Colombia,Masculino,,
1106,Víctor Moreno,02/02/1994,España,,184.0,Derecho,Defensor central,Agresivo,Aguilas Doradas,Colombia,Masculino,,
1107,Anthony Vásquez,02/02/2002,Colombia,,180.0,Derecho,Delantero centro,Goleador,Aguilas Doradas,Colombia,Masculino,,
1108,Adrián Estacio,02/02/1998,Colombia,,178.0,Izquierdo,Extremo por la izquierda,Velocista,Aguilas Doradas,Colombia,Masculino,,
1109,Jesús Rivas,02/02/1997,Colombia,,175.0,Ambidiestro,Mediocampista mixto,Versátil,Aguilas Doradas,Colombia,Masculino,,
1110,Jhon Salazar,02/02/1995,Colombia,,178.0,Derecho,Extremo por la derecha,Completo,Aguilas Doradas,Colombia,Masculino,,
1111,Cristóbal Muñoz,02/02/1999,Chile,,184.0,Derecho,Defensor central,Tiempista,Audax Italiano,Chile,Masculino,,
1112,Guillermo Ortiz,02/02/1992,Argentina,,182.0,Derecho,Defensor central,Agresivo,Audax Italiano,Chile,Masculino,,
1113,Thiago Espinosa,02/02/2004,Uruguay,,164.0,Izquierdo,Defensa lateral izquierdo,Versátil,Racing Club de Montevideo,Uruguay,Masculino,,
1114,Ignacio Galván,02/02/2002,Argentina,,181.0,Izquierdo,Defensa lateral izquierdo,Versátil,Racing,LPF,Masculino,,
1115,Erik Mendoza,02/02/2002,Argentina,,177.0,Derecho,Mediocampista ofensivo,Dinámico,Imbabura,Ecuador,Masculino,,
1116,Federico Morales,02/02/2000,Uruguay,,175.0,Derecho,Defensa lateral derecho,Agresivo,Wanderers,Uruguay,Masculino,,
1117,Pablo Castro,02/02/2001,Argentina,,180.0,Derecho,Defensa central,Tiempista,Patronato,Primera Nacional,Masculino,,
1118,Agustín Mier,02/02/1998,Uruguay,,179.0,Izquierdo,Mediocampista ofensivo,Dinámico,Peñarol,Uruguay,Masculino,,
1119,Fernando Saucedo,02/02/1993,Bolivia,,177.0,Derecho,Centrocampista defensivo,Versátil,Oriente Petrolero,Bolivia,Masculino,,
1120,Joaquín Pereyra,02/02/1999,Argentina,,179.0,Izquierdo,Mediocampista ofensivo,Versátil,Atlético Tucumán,LPF,Masculino,,
1121,Lucas Morales,02/02/1998,Uruguay,,180.0,Derecho,Defensa lateral derecho,Agresivo,Wanderers,Uruguay,Masculino,,
1122,Federico Alaníz,02/02/2003,Uruguay,,182.0,Derecho,Extremo por la izquierda,Dinámico,Racing Club de Montevideo,Uruguay,Masculino,,
1123,Juan Manuel Gutiérrez,02/02/2002,Uruguay,,178.0,Derecho,Mediocampista ofensivo,Dinámico,Boston River,Uruguay,Masculino,,
1124,Dylan Nandín,02/02/2002,Uruguay,,186.0,Derecho,Delantero centro,Goleador,Racing Club de Montevideo,Uruguay,Masculino,,
1125,Federico Pereyra,02/02/1999,Uruguay,,178.0,Izquierdo,Mediocampista ofensivo,Goleador,Miramar Misiones,Uruguay,Masculino,,
1126,Federico Alaniz,02/02/2003,Uruguay,,182.0,Derecho,Extremo por la izquierda,Dinámico,Racing Club de Montevideo,Uruguay,Masculino,,
1127,Federico Boggio,02/02/1999,Uruguay,,180.0,Derecho,Mediocampista mixto,Versátil,Lanús,LPF,Masculino,,
1128,Franco Nicola,02/02/1999,Uruguay,,178.0,Izquierdo,Extremo por la izquierda,Velocista,Atlético Tucumán,Uruguay,Masculino,,
1129,Matías Machado,02/02/1999,Argentina,,176.0,Derecho,Extremo por la derecha,Dinámico,Colegiales,Primera B,Masculino,,
1130,Tomás Veron Lupi,02/02/2000,Uruguay,,177.0,Derecho,Mediocampista ofensivo,Versátil,Racing Club de Montevideo,Uruguay,Masculino,,
1131,Christian Tabó,02/02/1993,Uruguay,,171.0,Derecho,Extremo por la derecha,Tiempista,Cruz Azul,Mexico,Masculino,,
1132,Luciano Boggio,02/02/1999,Uruguay,,174.0,Derecho,Mediocampista ofensivo,Dinámico,Lanús,LPF,Masculino,,
1133,Federico Laureli,02/02/2004,Argentina,,183.0,Izquierdo,Defensor central,Agresivo,Chacarita,Primera Nacional,Masculino,,
1134,Nicolas Fernández,02/02/1999,Argentina,,176.0,Derecho,Defensa lateral derecho,Velocista,Audax Italiano,Chile,Masculino,,
1135,Federico Carrizo,02/02/1991,Argentina,,174.0,Derecho,Mediocampista ofensivo,Versátil,Cerro Porteño,Paraguay,Masculino,,
1136,Anthony Valencia,02/02/2003,Ecuador,,176.0,Izquierdo,Extremo por la derecha,Dinámico,Royal Antwerp F.C.,Belgica,Masculino,,
1137,Tiago Geralnik,02/02/2004,Argentina,,178.0,Derecho,Mediocampista mixto,Dinámico,Villarreal B,España,Masculino,,
1138,Luis Díaz,02/02/1997,Colombia,,178.0,Derecho,Extremo por la izquierda,Velocista,Envigado,Colombia,Masculino,,
1139,Jhonier Blanco,02/02/2000,Colombia,,185.0,Derecho,Delantero centro,Juego de espalda,Aguilas Doradas,Colombia,Masculino,,
1140,Augusto Solari,02/02/1992,Argentina,,176.0,Derecho,Extremo por la derecha,Dinámico,Atlas,Mexico,Masculino,,
1141,Wilman Pavón,02/02/1995,Ecuador,,185.0,Derecho,Arquero,Versátil,Mushuc Runa,Ecuador,Masculino,,
1142,Dennys Quintero,02/02/1997,Ecuador,,180.0,Derecho,Defensor central,Dinámico,Mushuc Runa,Ecuador,Masculino,,
1143,Luis Ayala,02/02/1994,Argentina,,169.0,Izquierdo,Defensa lateral izquierdo,Dinámico,Mushuc Runa,Ecuador,Masculino,,
1144,Arnaldo Zambrano,02/02/2001,Ecuador,,170.0,Derecho,Mediocampista mixto,Dinámico,Mushuc Runa,Ecuador,Masculino,,
1145,Jean Estacio,02/02/1998,Ecuador,,175.0,Derecho,Centrocampista defensivo,Posicional,Mushuc Runa,Ecuador,Masculino,,
1146,Jonathan Bauman,02/02/1991,Argentina,,178.0,Derecho,Mediocampista ofensivo,Posicional,Mushuc Runa,Ecuador,Masculino,,
1147,Joaquín Varela,02/02/1998,Uruguay,Española,189.0,Izquierdo,Defensor central,Tiempista,Aguilas Doradas,Colombia,Masculino,,
1148,Guillermo Celis,02/02/1993,Colombia,,178.0,Derecho,Mediocampista mixto,Completo,Aguilas Doradas,Colombia,Masculino,,
1149,Víctor Moreno,02/02/1994,España,,184.0,Derecho,Defensor central,Agresivo,Aguilas Doradas,Colombia,Masculino,,
1150,Anthony Vásquez,02/02/2002,Colombia,,180.0,Derecho,Delantero centro,Goleador,Aguilas Doradas,Colombia,Masculino,,
1151,Jesús Rivas,02/02/1997,Colombia,,175.0,Ambidiestro,Mediocampista mixto,Versátil,Aguilas Doradas,Colombia,Masculino,,
1152,Jhon Salazar,02/02/1995,Colombia,,178.0,Derecho,Extremo por la derecha,Completo,Aguilas Doradas,Colombia,Masculino,,
1153,Cristóbal Muñoz,02/02/1999,Chile,,184.0,Derecho,Defensor central,Tiempista,Audax Italiano,Chile,Masculino,,
1154,Guillermo Ortiz,02/02/1992,Argentina,,182.0,Derecho,Defensor central,Agresivo,Audax Italiano,Chile,Masculino,,
1155,Thiago Espinosa,02/02/2004,Uruguay,,164.0,Izquierdo,Defensa lateral izquierdo,Versátil,Racing Club de Montevideo,Uruguay,Masculino,,
1156,Ignacio Galván,02/02/2002,Argentina,,181.0,Izquierdo,Defensa lateral izquierdo,Versátil,Racing,LPF,Masculino,,
1157,Erik Mendoza,02/02/2002,Argentina,,177.0,Derecho,Mediocampista ofensivo,Dinámico,Imbabura,Ecuador,Masculino,,
1158,Lucas Morales,02/02/1998,Uruguay,,180.0,Derecho,Defensa lateral derecho,Agresivo,Wanderers,Uruguay,Masculino,,
1159,Federico Alaniz,02/02/2003,Uruguay,,182.0,Derecho,Extremo por la izquierda,Dinámico,Racing Club de Montevideo,Uruguay,Masculino,,
1160,Juan Manuel Gutiérrez,02/02/2002,Uruguay,,178.0,Derecho,Mediocampista ofensivo,Dinámico,Boston River,Uruguay,Masculino,,
1161,Danny Luna,02/02/1991,Ecuador,,165.0,Derecho,Mediocampista ofensivo,Versátil,Cuenca,Ecuador,Masculino,,
1162,Rodrigo Melo,02/02/1995,Argentina,,185.0,Derecho,Centrocampista defensivo,Posicional,Cuenca,Ecuador,Masculino,,
1163,Walter Chala,02/02/1992,Ecuador,,183.0,Derecho,Extremo por la izquierda,Velocista,Cuenca,Ecuador,Masculino,,
1164,Bryan Ramirez,02/02/2000,Ecuador,,177.0,Izquierdo,Defensa lateral izquierdo,Dinámico,LDU,Ecuador,Masculino,,
1165,Oscar Zambrano,02/02/2004,Ecuador,,176.0,Derecho,Centrocampista defensivo,Versátil,LDU,Ecuador,Masculino,,
1166,Michael Estrada,02/02/1996,Ecuador,,188.0,Derecho,Mediocampista ofensivo,Posicional,LDU,Ecuador,Masculino,,
1167,Alex Arce,02/02/1995,Argentina,,187.0,Derecho,Mediocampista ofensivo,Posicional,LDU,Ecuador,Masculino,,
1168,Sebastian Gonzalez,02/02/2003,Argentina,,178.0,Izquierdo,Mediocampista ofensivo,Versátil,LDU,Ecuador,Masculino,,
1169,Lisandro Alzugaray,02/02/1990,Argentina,,176.0,Izquierdo,Mediocampista ofensivo,Versátil,LDU,Ecuador,Masculino,,
1170,Jhojan Julio,02/02/1998,Ecuador,,168.0,Derecho,Mediocampista ofensivo,Versátil,LDU,Ecuador,Masculino,,
1171,Pedro Ortiz,02/02/1994,Ecuador,,187.0,Derecho,Arquero,Posicional,Emelec,Ecuador,Masculino,,
1172,Alexander Gonzalez,02/02/1992,Venezuela,,177.0,Derecho,Defensa lateral derecho,Dinámico,Emelec,Ecuador,Masculino,,
1173,Luis Leon,02/02/1993,Ecuador,,185.0,Derecho,Defensor central,Posicional,Emelec,Ecuador,Masculino,,
1174,Aníbal Leguizamon,02/02/1992,Argentina,,186.0,Derecho,Defensor central,Posicional,Emelec,Ecuador,Masculino,,
1175,Gustavo Cortez,02/02/1997,Ecuador,,174.0,Izquierdo,Defensa lateral izquierdo,Dinámico,Emelec,Ecuador,Masculino,,
1176,Cristian Erbes,02/02/1990,Argentina,,174.0,Derecho,Centrocampista defensivo,Posicional,Emelec,Ecuador,Masculino,,
1177,Rodrigo Riveros,02/02/1995,Uruguay,,170.0,Derecho,Extremo por la derecha,Dinámico,Emelec,Ecuador,Masculino,,
1178,Roberto Garces,02/02/1993,Ecuador,,178.0,Derecho,Mediocampista mixto,Posicional,Emelec,Ecuador,Masculino,,
1179,Ronny Borja,02/02/2005,Ecuador,,170.0,Derecho,Mediocampista ofensivo,Versátil,Emelec,Ecuador,Masculino,,
1180,Bryan Carabali,02/02/1997,Ecuador,,170.0,Derecho,Extremo por la izquierda,Velocista,Emelec,Ecuador,Masculino,,
1181,Eduardo Bores,02/02/2002,Venezuela,,185.0,Derecho,Arquero,Posicional,Libertad,Ecuador,Masculino,,
1182,Jimmy Bolaños,02/02/2000,Ecuador,,174.0,Derecho,Defensa lateral derecho,Dinámico,Libertad,Ecuador,Masculino,,
1183,Bryan Caicedo,02/02/2000,Ecuador,,188.0,Derecho,Defensor central,Posicional,Libertad,Ecuador,Masculino,,
1184,Cristian Enciso,02/02/1991,Ecuador,,184.0,Derecho,Defensor central,Posicional,Libertad,Ecuador,Masculino,,
1185,Jose Hernandez,02/02/1996,Ecuador,,171.0,Izquierdo,Defensa lateral izquierdo,Dinámico,Libertad,Ecuador,Masculino,,
1186,Pier Grazziani,02/02/1994,Colombia,,183.0,Derecho,Arquero,Posicional,Alianza,Colombia,Masculino,,
1187,Pedro Franco,02/02/1991,Colombia,,184.0,Derecho,Defensor central,Tiempista,Alianza,Colombia,Masculino,,
1188,Jesus Figueroa,02/02/1996,Colombia,,180.0,Derecho,Defensa lateral derecho,Líder defensivo,Alianza,Colombia,Masculino,,
1189,Leonardo Saldaña,02/02/1989,Colombia,,171.0,Izquierdo,Defensa lateral izquierdo,Versátil,Alianza,Colombia,Masculino,,
1190,Efrain Navarro,02/02/1999,Colombia,,177.0,Derecho,Defensa lateral derecho,Dinámico,Alianza,Colombia,Masculino,,
1191,Joaquin Gutierrez,02/02/2002,Uruguay,,172.0,Derecho,Defensa lateral derecho,Dinámico,Huachipato,Chile,Masculino,,
1192,Benjamin Gazzolo,02/02/1997,Uruguay,,182.0,Derecho,Defensor central,Líder defensivo,Huachipato,Chile,Masculino,,
1193,Renzo Malanca,02/02/2003,Argentina,,188.0,Derecho,Defensor central,Agresivo,Huachipato,Chile,Masculino,,
1194,Antonio Castillo,02/02/1998,Chile,,175.0,Izquierdo,Defensa lateral izquierdo,Posicional,Huachipato,Chile,Masculino,,
1195,Jose Alvarez,02/02/1995,Uruguay,,175.0,Izquierdo,Defensa lateral izquierdo,Versátil,Defensor Sporting,Uruguay,Masculino,,
1196,Matías Alfonso,02/02/2000,Paraguay,,172.0,Izquierdo,Centrocampista defensivo,Líder defensivo,River Plate Uruguay,Uruguay,Masculino,,
1197,Joaquín Lavega,02/02/2005,Uruguay,,172.0,Izquierdo,Extremo por la izquierda,Completo,River Plate Uruguay,Uruguay,Masculino,,
1198,Valentin Serrano,02/02/2004,Argentina,,182.0,Izquierdo,Defensa lateral izquierdo,Completo,Arsenal,Argentina,Masculino,,
1199,Alejo Tabares,02/02/2001,Argentina,,179.0,Izquierdo,Defensa lateral izquierdo,Dinámico,All Boys,Argentina,Masculino,,
1200,Franco Toloza,02/02/1994,Argentina,,180.0,Derecho,Delantero centro,Juego de espalda,All Boys,Argentina,Masculino,,
1201,Alexis Melo,02/02/2002,Argentina,,177.0,Derecho,Extremo por la derecha,Dinámico,All Boys,Argentina,Masculino,,
1202,Maxi Coronel,02/02/1989,Argentina,,180.0,Derecho,Defensor central,Líder defensivo,All Boys,Argentina,Masculino,,
1203,Hernán Grana,02/02/1989,Argentina,,170.0,Derecho,Defensa lateral derecho,Líder defensivo,All Boys,Argentina,Masculino,,
1204,Juan Pablo Passaglia,02/02/1989,Argentina,,181.0,Izquierdo,Mediocampista mixto,Dinámico,All Boys,Argentina,Masculino,,
1205,Jonathan Ferrari,02/02/1987,Argentina,,186.0,Derecho,Defensor central,Líder defensivo,All Boys,Argentina,Masculino,,
1206,Axel Batista,02/02/2002,Argentina,,182.0,Derecho,Mediocampista ofensivo,Dinámico,Quilmes,Argentina,Masculino,,
1207,Tomas Gonzalez,02/02/2003,Argentina,,168.0,Derecho,Extremo por la izquierda,Velocista,Quilmes,Argentina,Masculino,,
1208,Agustin Lamosa,02/02/2001,Argentina,,182.0,Derecho,Defensor central,Líder defensivo,San Telmo,Argentina,Masculino,,
1209,Valentin Fenoglio,02/02/2003,Argentina,,170.0,Derecho,Defensa lateral derecho,Líder defensivo,Estudiantes de Río Cuarto,Argentina,Masculino,,
1210,Pedro Ortiz,02/02/1994,Ecuador,,187.0,Derecho,Arquero,Posicional,Emelec,Ecuador,Masculino,,
1211,Alexander Gonzalez,02/02/1992,Venezuela,,177.0,Derecho,Defensa lateral derecho,Dinámico,Emelec,Ecuador,Masculino,,
1212,Luis Leon,02/02/1993,Ecuador,,185.0,Derecho,Defensor central,Posicional,Emelec,Ecuador,Masculino,,
1213,Aníbal Leguizamon,02/02/1992,Argentina,,186.0,Derecho,Defensor central,Posicional,Emelec,Ecuador,Masculino,,
1214,Gustavo Cortez,02/02/1997,Ecuador,,174.0,Izquierdo,Defensa lateral izquierdo,Dinámico,Emelec,Ecuador,Masculino,,
1215,Cristian Erbes,02/02/1990,Argentina,,174.0,Derecho,Centrocampista defensivo,Posicional,Emelec,Ecuador,Masculino,,
1216,Roberto Garces,02/02/1993,Ecuador,,178.0,Derecho,Mediocampista mixto,Posicional,Emelec,Ecuador,Masculino,,
1217,Ronny Borja,02/02/2005,Ecuador,,170.0,Derecho,Mediocampista ofensivo,Versátil,Emelec,Ecuador,Masculino,,
1218,Bryan Carabali,02/02/1997,Ecuador,,170.0,Derecho,Extremo por la izquierda,Velocista,Emelec,Ecuador,Masculino,,
1219,Facundo Castelli,02/02/1995,Argentina,,183.0,Derecho,Mediocampista ofensivo,Versátil,Emelec,Ecuador,Masculino,,
1220,Bryan Caicedo,02/02/2000,Ecuador,,188.0,Derecho,Defensor central,Posicional,Libertad,Ecuador,Masculino,,
1221,Rodrigo Riveros,02/02/1995,Uruguay,,170.0,Derecho,Extremo por la derecha,Dinámico,Emelec,Ecuador,Masculino,,
1222,Michael Estrada,02/02/1996,Ecuador,,188.0,Derecho,Mediocampista ofensivo,Versátil,LDU,Ecuador,Masculino,,
1223,Alex Arce,02/02/1995,Argentina,,187.0,Derecho,Mediocampista ofensivo,Posicional,LDU,Ecuador,Masculino,,
1224,Sebastian Gonzalez,02/02/2003,Argentina,,178.0,Izquierdo,Mediocampista ofensivo,Versátil,LDU,Ecuador,Masculino,,
1225,Lisandro Alzugaray,02/02/1990,Argentina,,176.0,Izquierdo,Mediocampista ofensivo,Versátil,LDU,Ecuador,Masculino,,
1226,Bryan Ramirez,02/02/2000,Ecuador,,177.0,Izquierdo,Defensa lateral izquierdo,Dinámico,LDU,Ecuador,Masculino,,
1227,Gabriel Millamil,02/02/2001,Bolivia,,179.0,Derecho,Mediocampista mixto,Versátil,LDU,Ecuador,Masculino,,
1228,Oscar Zambrano,02/02/2004,Ecuador,,176.0,Derecho,Centrocampista defensivo,Versátil,LDU,Ecuador,Masculino,,
1229,Ricardo Ade,02/02/1990,Haiti,,185.0,Derecho,Defensor central,Versátil,LDU,Ecuador,Masculino,,
1230,Danny Luna,02/02/1991,Ecuador,,165.0,Izquierdo,Mediocampista ofensivo,Versátil,Cuenca,Ecuador,Masculino,,
1231,Lucas Mancinelli,02/02/1989,Argentina,,168.0,Derecho,Mediocampista ofensivo,Versátil,Cuenca,Ecuador,Masculino,,
1232,Rodrigo Melo,02/02/1995,Argentina,,185.0,Derecho,Centrocampista defensivo,Posicional,Cuenca,Ecuador,Masculino,,
1233,Guillermo Fratta,02/02/1995,Uruguay,,188.0,Derecho,Defensor central,Posicional,Cuenca,Ecuador,Masculino,,
1234,Bryan Corozo,02/02/2000,Ecuador,,175.0,Derecho,Mediocampista mixto,Dinámico,Cuenca,Ecuador,Masculino,,
1235,Andrés Romero,02/02/2000,Venezuela,,173.0,Izquierdo,Defensa lateral izquierdo,Dinámico,Cuenca,Ecuador,Masculino,,
1236,Hamilton Piedras,02/02/1993,Ecuador,,182.0,Derecho,Arquero,Dinámico,Cuenca,Ecuador,Masculino,,
1237,German Guiffrey,02/02/1997,Argentina,,179.0,Izquierdo,Defensa lateral izquierdo,Velocista,Audax Italiano,Chile,Masculino,,
1238,Thomas Rodriguez,02/02/1996,Chile,,183.0,Derecho,Extremo por la derecha,Dinámico,Audax Italiano,Chile,Masculino,,
1239,Marco Collao,02/02/1998,Chile,,173.0,Derecho,Centrocampista defensivo,Posicional,Audax Italiano,Chile,Masculino,,
1240,Gonzalo Alvarez,02/02/1997,Chile,,170.0,Izquierdo,Mediocampista ofensivo,Versátil,Audax Italiano,Chile,Masculino,,
1241,Ignacio Geraldino,02/02/1995,Chile,,183.0,Derecho,Delantero centro,Goleador,Audax Italiano,Chile,Masculino,,
1242,Emanuel Cecchini,02/02/1996,Argentina,,179.0,Derecho,Mediocampista mixto,Versátil,Audax Italiano,Chile,Masculino,,
1243,Alessandro Riep,02/02/2003,Chile,,175.0,Derecho,Extremo por la izquierda,Velocista,Audax Italiano,Chile,Masculino,,
1244,Joaquín Gutiérrez,02/02/2002,Uruguay,,172.0,Derecho,Defensa lateral derecho,Dinámico,Huachipato,Chile,Masculino,,
1245,Benjamín Gazzolo,02/02/1997,Uruguay,,182.0,Derecho,Defensor central,Líder defensivo,Huachipato,Chile,Masculino,,
1246,Renzo Malanca,02/02/2003,Argentina,,188.0,Derecho,Defensor central,Agresivo,Huachipato,Chile,Masculino,,
1247,Antonio Castillo,02/02/1998,Chile,,175.0,Izquierdo,Defensa lateral izquierdo,Posicional,Huachipato,Chile,Masculino,,
1248,Alan García,02/02/1999,Uruguay,,178.0,Derecho,Extremo por la derecha,Dinámico,Cerro Largo,Uruguay,Masculino,,
1249,Cecilio Domínguez,02/02/1994,Paraguay,,179.0,Derecho,Extremo por la izquierda,Completo,Cerro Porteño,Paraguay,Masculino,,
1250,Jorge Morel,02/02/1998,Paraguay,,184.0,Derecho,Centrocampista defensivo,Posicional,Cerro Porteño,Paraguay,Masculino,,
1251,Gabriel Aguayo,02/02/2005,Paraguay,,170.0,Derecho,Extremo por la derecha,Velocista,Cerro Porteño,Paraguay,Masculino,,
1252,Federico Carrizo,02/02/1991,Argentina,,174.0,Derecho,Mediocampista ofensivo,Versátil,Cerro Porteño,Paraguay,Masculino,,
1253,Diego Churín,02/02/1989,Argentina,,185.0,Derecho,Delantero centro,Juego de espalda,Cerro Porteño,Paraguay,Masculino,,
1254,Wilder Viera,02/02/2002,Paraguay,,182.0,Izquierdo,Extremo por la izquierda,Posicional,Cerro Porteño,Paraguay,Masculino,,
1255,Jhojan Julio,02/02/1998,Ecuador,,168.0,Izquierdo,Mediocampista ofensivo,Versátil,LDU,Ecuador,Masculino,,
1256,Miguel Benítez,02/02/1997,Paraguay,,172.0,Izquierdo,Defensa lateral izquierdo,Dinámico,Cerro Porteño,Paraguay,Masculino,,
1257,Valentín Serrano,02/02/2004,Argentina,,182.0,Izquierdo,Defensa lateral izquierdo,Completo,Arsenal,Argentina,Masculino,,
1258,Lucas Morales,02/02/1994,Uruguay,,183.0,Derecho,Defensa lateral derecho,Agresivo,Montevideo Wanderers,Uruguay,Masculino,,
1259,Matías Alfonso,02/02/2000,Paraguay,,172.0,Izquierdo,Centrocampista defensivo,Líder defensivo,River Plate Uruguay,Uruguay,Masculino,,
1261,José Álvarez,02/02/1995,Uruguay,,175.0,Izquierdo,Defensa lateral izquierdo,Versátil,Defensor Sporting,Uruguay,Masculino,,
1262,Matías Alfonso,02/02/2000,Paraguay,,172.0,Izquierdo,Centrocampista defensivo,Líder defensivo,River Plate Uruguay,Uruguay,Masculino,,
1263,Joaquín Lavega,02/02/2005,Uruguay,,172.0,Izquierdo,Extremo por la izquierda,Completo,River Plate Uruguay,Uruguay,Masculino,,
1264,Aníbal Leguizamón,02/02/1992,Argentina,,186.0,Derecho,Defensor central,Posicional,Emelec,Ecuador,Masculino,,
1265,Gustavo Cortez,02/02/1997,Ecuador,,174.0,Izquierdo,Defensa lateral izquierdo,Dinámico,Emelec,Ecuador,Masculino,,
1266,Cristian Erbes,02/02/1990,Argentina,,174.0,Derecho,Centrocampista defensivo,Posicional,Emelec,Ecuador,Masculino,,
1267,Rodrigo Riveros,02/02/1995,Uruguay,,170.0,Derecho,Extremo por la derecha,Dinámico,Emelec,Ecuador,Masculino,,
1268,Roberto Garcés,02/02/1993,Ecuador,,178.0,Derecho,Mediocampista mixto,Posicional,Emelec,Ecuador,Masculino,,
1269,Ronny Borja,02/02/2005,Ecuador,,170.0,Derecho,Mediocampista ofensivo,Versátil,Emelec,Ecuador,Masculino,,
1270,Bryan Carabalí,02/02/1997,Ecuador,,170.0,Derecho,Extremo por la izquierda,Velocista,Emelec,Ecuador,Masculino,,
1271,Facundo Castelli,02/02/1995,Argentina,,183.0,Derecho,Mediocampista ofensivo,Versátil,Emelec,Ecuador,Masculino,,
1272,Eduardo Bores,02/02/2002,Venezuela,,185.0,Derecho,Arquero,Versátil,Libertad,Ecuador,Masculino,,
1273,Jimmy Bolaños,02/02/2000,Ecuador,,174.0,Derecho,Defensa lateral derecho,Dinámico,Libertad,Ecuador,Masculino,,
1274,Bryan Caicedo,02/02/2000,Ecuador,,188.0,Derecho,Defensor central,Posicional,Libertad,Ecuador,Masculino,,
1275,Cristian Enciso,02/02/1991,Ecuador,,184.0,Derecho,Defensor central,Posicional,Libertad,Ecuador,Masculino,,
1276,José Hernández,02/02/1996,Ecuador,,171.0,Izquierdo,Defensa lateral izquierdo,Dinámico,Libertad,Ecuador,Masculino,,
1277,Pier Graziani,02/02/1994,Colombia,,183.0,Derecho,Arquero,Posicional,Alianza,Colombia,Masculino,,
1278,Pedro Franco,02/02/1991,Colombia,,184.0,Derecho,Defensor central,Tiempista,Alianza,Colombia,Masculino,,
1279,Leonardo Saldaña,02/02/1989,Colombia,,171.0,Izquierdo,Defensa lateral izquierdo,Versátil,Alianza,Colombia,Masculino,,
1280,Efraín Navarro,02/02/1999,Colombia,,177.0,Derecho,Defensa lateral derecho,Dinámico,Alianza,Colombia,Masculino,,
1301,Libinton Angulo,02/02/2000,Ecuador,,173.0,Derecho,Extremo por la derecha,Dinámico,Libertad,Ecuador,Masculino,,
1302,Nixon Molina,02/02/1993,Ecuador,,182.0,Derecho,Mediocampista mixto,Versátil,Libertad,Ecuador,Masculino,,
1303,Iván Zambrano,02/02/1997,Ecuador,,176.0,Derecho,Centrocampista defensivo,Dinámico,Libertad,Ecuador,Masculino,,
1304,Lautaro Disanto,02/02/1998,Argentina,,169.0,Izquierdo,Extremo por la izquierda,Dinámico,Libertad,Ecuador,Masculino,,
1305,Jonny Ucuari,02/02/1994,Ecuador,,165.0,Derecho,Mediocampista ofensivo,Versátil,Libertad,Ecuador,Masculino,,
1306,Richard Borja,02/02/2004,Ecuador,,178.0,Derecho,Mediocampista ofensivo,Dinámico,Libertad,Ecuador,Masculino,,
1307,Maximiliano Gutiérrez,02/02/2004,Argentina,,183.0,Derecho,Defensa lateral derecho,Velocista,Huachipato,Chile,Masculino,,
1308,Andrés Ferrari,02/02/2003,Uruguay,,187.0,Derecho,Delantero centro,Versátil,Villarreal B,España,Masculino,,
1309,Gabriel Pusula,02/02/1997,Argentina,,191.0,Derecho,Defensor central,Tiempista,All Boys,Argentina,Masculino,,
1310,Tobías Bovone,02/02/1999,Argentina,,172.0,Izquierdo,Defensa lateral izquierdo,Dinámico,All Boys,Argentina,Masculino,,
1311,Braian Miranda,02/02/1993,Argentina,,170.0,Derecho,Extremo por la izquierda,Posicional,All Boys,Argentina,Masculino,,
1312,Agustín Gallo,02/02/1998,Argentina,,196.0,Derecho,Delantero centro,Juego de espalda,All Boys,Argentina,Masculino,,
1313,Bryan Quiñones,02/02/2003,Ecuador,,178.0,Derecho,Defensor central,Tiempista,Órense,Ecuador,Masculino,,
1314,Ariel Torres,02/02/2003,Argentina,,167.0,Derecho,Extremo por la izquierda,Dinámico,All Boys,Argentina,Masculino,,
1315,Juan Carlos Salas,02/02/1998,Argentina,,183.0,Derecho,Extremo por la derecha,Versátil,All Boys,Argentina,Masculino,,
1316,Ariel Suárez,02/02/2004,Ecuador,,177.0,Izquierdo,Extremo por la izquierda,Dinámico,Órense,Ecuador,Masculino,,
1317,Erick Pluas,02/02/2002,Ecuador,,174.0,Derecho,Centrocampista defensivo,Posicional,Órense,Ecuador,Masculino,,
1318,Robert Burbano,02/02/1995,Ecuador,,180.0,Derecho,Extremo por la derecha,Dinámico,Órense,Ecuador,Masculino,,
1319,Walter Herrera,02/02/1998,Ecuador,,181.0,Derecho,Mediocampista ofensivo,Dinámico,Órense,Ecuador,Masculino,,
1320,Wellington Ramírez,02/02/2000,Ecuador,,185.0,Derecho,Arquero,Versátil,Independiente del Valle,Ecuador,Masculino,,
1321,Matías Fernández,02/02/1995,Ecuador,,170.0,Derecho,Defensa lateral derecho,Dinámico,Independiente del Valle,Ecuador,Masculino,,
1322,Mateo Carabal,02/02/1997,Ecuador,,184.0,Derecho,Defensor central,Posicional,Independiente del Valle,Ecuador,Masculino,,
1323,Hernán Shunke,02/02/1991,Argentina,,186.0,Derecho,Defensor central,Posicional,Independiente del Valle,Ecuador,Masculino,,
1324,Beder Caicedo,02/02/1992,Ecuador,,180.0,Izquierdo,Defensa lateral izquierdo,Versátil,Independiente del Valle,Ecuador,Masculino,,
1325,Álex Ibarra,02/02/1991,Ecuador,,175.0,Derecho,Extremo por la derecha,Versátil,Independiente del Valle,Ecuador,Masculino,,
1326,Julio Ortiz,02/02/1998,Ecuador,,181.0,Derecho,Centrocampista defensivo,Versátil,Independiente del Valle,Ecuador,Masculino,,
1327,Romario Ibarra,02/02/1994,Ecuador,,174.0,Derecho,Mediocampista mixto,Versátil,Independiente del Valle,Ecuador,Masculino,,
1328,Cristian Zabala,02/02/1998,Ecuador,,187.0,Derecho,Mediocampista mixto,Posicional,Independiente del Valle,Ecuador,Masculino,,
1329,Kendry Páez,02/02/2007,Ecuador,,177.0,Izquierdo,Mediocampista ofensivo,Versátil,Independiente del Valle,Ecuador,Masculino,,
1330,Lautaro Díaz,02/02/1998,Argentina,,181.0,Derecho,Mediocampista ofensivo,Versátil,Independiente del Valle,Ecuador,Masculino,,
1331,Imanol González,02/02/1996,Argentina,,184.0,Izquierdo,Defensor central,Agresivo,Huachipato,Chile,Masculino,,
1332,Eduardo Brock,02/02/1991,Paraguay,,186.0,Izquierdo,Defensor central,Líder defensivo,Cerro Porteño,Paraguay,Masculino,,
1333,Giuliano Ferrer,02/02/2006,Uruguay,,190.0,Derecho,Defensor central,Tiempista,Liverpool,Uruguay,Masculino,,
1335,Felipe Juan,02/02/2001,Ecuador,,187.0,Derecho,Arquero,Dinámico,Cumbayá,Ecuador,Masculino,,
1336,Kevin Hurtado,02/02/1997,Ecuador,,180.0,Derecho,Defensor central,Posicional,Cumbayá,Ecuador,Masculino,,
1337,Luis Gustavino,02/02/1999,Ecuador,,183.0,Derecho,Defensor central,Posicional,Cumbayá,Ecuador,Masculino,,
1338,Darwin Suárez,02/02/1995,Ecuador,,184.0,Izquierdo,Defensor central,Posicional,Cumbayá,Ecuador,Masculino,,
1339,Jorge Almagro,02/02/2001,Ecuador,,174.0,Derecho,Extremo por la derecha,Dinámico,Cumbayá,Ecuador,Masculino,,
1340,Juan Paredes,02/02/1987,Ecuador,,178.0,Derecho,Centrocampista defensivo,Versátil,Cumbayá,Ecuador,Masculino,,
